Region,Ventas
NA_Sales,4304.72
EU_Sales,2379.93
JP_Sales,1270.5500000000002
Other_Sales,781.1400000000001
